,cumulative_profit,max_drawdown,sharpe,profit_factor
Random,0.020611940212465152,-0.06172571580851238,0.03994591357880289,1.0093880258470116
Rule,-0.03222310107741655,-0.06711034665286986,-0.050245689351812735,0.9903658982776535
ML,0.016573664619474737,-0.08521442903457743,0.025843326931507517,1.0049916264959784
RL,0.0,0.0,0.0,inf
