model,split,cumulative_profit,max_drawdown,sharpe,profit_factor
logistic,val,-0.7599217590015849,-0.7629621227467681,-0.5970185944322852,0.8303830644637624
logistic,test,-0.841144902252651,-0.8530643963688826,-0.7977901804320405,0.7819977131955321
random_forest,val,-1.6725653610794304,-1.6785852934846723,-1.310879310257089,0.6665073208897406
random_forest,test,-1.723143226139601,-1.7274970043054947,-1.6168013771174714,0.6115087118543228
