{
  "features": [
    "return_1",
    "return_5",
    "ema_diff",
    "rsi_14",
    "rolling_std_20",
    "atr_14",
    "hour",
    "regime_volatility"
  ],
  "n_bins": 5,
  "warm_up": 200,
  "scaler_mean": [
    -4.296576749810843e-06,
    -2.188897023679682e-05,
    -9.261988890195384e-05,
    49.46361633045092,
    0.0006885374915770205,
    0.0012334680824379752,
    11.34789515488483
  ],
  "scaler_std": [
    0.0006929568452184962,
    0.0015647660924410247,
    0.0017025823914811028,
    16.29503097438168,
    0.000499146912593258,
    0.0006933990935611606,
    6.947848443230064
  ],
  "bins_edges": {
    "return_1": [
      -Infinity,
      -0.6441121117602253,
      -0.1698687012123727,
      0.16096758133190836,
      0.6247156434613368,
      Infinity
    ],
    "return_5": [
      -Infinity,
      -0.6442139138135089,
      -0.16707619793573494,
      0.1609128787829271,
      0.6213245904523839,
      Infinity
    ],
    "ema_diff": [
      -Infinity,
      -0.6171422944448492,
      -0.16473604364888042,
      0.18500837733100106,
      0.6084479224548305,
      Infinity
    ],
    "rsi_14": [
      -Infinity,
      -0.8862297871696954,
      -0.26402895502184015,
      0.2722629859760298,
      0.8789038398622577,
      Infinity
    ],
    "rolling_std_20": [
      -Infinity,
      -0.6530363755300593,
      -0.3991642111557593,
      -0.06913547692609048,
      0.44474138844984595,
      Infinity
    ],
    "atr_14": [
      -Infinity,
      -0.7693521485558752,
      -0.4314721073773456,
      0.0052996531708050685,
      0.6110114343082206,
      Infinity
    ],
    "hour": [
      -Infinity,
      -1.0575785028881235,
      -0.3379312565708889,
      0.38171598974634563,
      1.10136323606358,
      Infinity
    ],
    "regime_volatility": [
      -Infinity,
      1.0,
      Infinity
    ]
  },
  "train_samples": 23921,
  "val_samples": 20722,
  "test_samples": 23499,
  "results_val": {
    "name": "2023 (Val)",
    "cumulative_profit": -2.7549492221425056,
    "max_drawdown": -11513.982041927098,
    "sharpe": -41.93630626812432,
    "profit_factor": 0.4021596152900429,
    "total_steps": 20722
  },
  "results_test": {
    "name": "2024 (Test)",
    "cumulative_profit": -2.9935933876805896,
    "max_drawdown": -2.9935933876805896,
    "sharpe": -53.85943176564474,
    "profit_factor": 0.3243247817127459,
    "total_steps": 23499
  }
}